department,division,division_id,question_index,question_id,label,type,options,required
General Secretary,Secretary,fcgqgfv3nlxezslip14isdi9,0,q1,1. Apa alasan kamu tertarik magang di sekretaris HMIF?,textarea,,True
General Secretary,Secretary,fcgqgfv3nlxezslip14isdi9,1,q2,2. Kamu punya pengalaman apa aja yang berhubungan dengan sekretaris?,textarea,,True
General Secretary,Secretary,fcgqgfv3nlxezslip14isdi9,2,q3,3. Apakah kamu sanggup handle ratusan surat yang masuk?,textarea,,True
General Secretary,Treasurer,4qnorf4dmsiq8dkv7ffxb8u7,0,q1,1. Apa alasan kamu pilih magang di divisi Treasurer?,textarea,,True
General Secretary,Treasurer,4qnorf4dmsiq8dkv7ffxb8u7,1,q2,2. Ceritakan pengalamanmu yang berhubungan dengan divisi ini,textarea,,True
General Secretary,Treasurer,4qnorf4dmsiq8dkv7ffxb8u7,2,q3,"3. Menurut kamu, apa tantangan terbesar dalam mengelola keuangan sebuah organisasi, dan bagaimana cara kamu mengatasinya?",textarea,,True
General Secretary,Capital Catalyst,sqvtc484vkwwbfm1girrb455,0,q1,1.  Apa alasan kamu tertarik bergabung dengan Capital Catalysts?,textarea,,True
General Secretary,Capital Catalyst,sqvtc484vkwwbfm1girrb455,1,q2,"2. Menurutmu, apa peran Capital Catalyst dalam mendukung HMIF?",textarea,,True
General Secretary,Capital Catalyst,sqvtc484vkwwbfm1girrb455,2,q3,"3. Ceritakan pengalaman yang menunjukkan kemampuanmu dalam membangun relasi, bernegosiasi, atau mengelola kegiatan yang melibatkan pihak eksternal.",textarea,,True
General Secretary,Capital Catalyst,sqvtc484vkwwbfm1girrb455,3,q4,"4. Jika diberi kesempatan mengembangkan satu program atau sumber pendanaan baru untuk HMIF, ide apa yang ingin kamu usulkan? Jelaskan alasan dan gambaran singkat pelaksanaannya.",textarea,,True
General Secretary,Household,jcydwpaa3jvd7eb76y86qmhu,0,q1,1. Apa alasan kamu mw join RumahPegang?,textarea,,True
General Secretary,Household,jcydwpaa3jvd7eb76y86qmhu,1,q2,"2. Apakah kamu punya pengalaman kerja (BP/Kepanitiaan, tidak perlu relevan dengan Household)?",textarea,,False
General Secretary,Household,jcydwpaa3jvd7eb76y86qmhu,2,q3,"3. Menurut kamu, adakah hal yang bisa ditingkatkan dari kondisi sekre 1 dan/atau 2 untuk sekarang?",textarea,,True
General Secretary,Household,jcydwpaa3jvd7eb76y86qmhu,3,q4,4. Apakah kamu bersedia bekerja di Weekend? (Max. 1 atau 2 kali per bulan),radio,Ya; Tidak,True
General Secretary,Household,jcydwpaa3jvd7eb76y86qmhu,4,q5,5.  Apakah bersedia memberikan foto kondisi meja belajar kalian?,file,,True
People,People Development,c8qa63fxbkvoiwm3k81dyado,0,q1,1. Apa alasan kamu ingin masuk People Development?,textarea,,True
People,People Development,c8qa63fxbkvoiwm3k81dyado,1,q2,"2. Menurut kamu, People Development itu sebenernya ngapain aja?",textarea,,True
People,People Development,c8qa63fxbkvoiwm3k81dyado,2,q3,3. Adakah pengalaman organisasi atau kepanitiaan yang berkaitan dengan kaderisasi atau pembinaan anggota sebelumnya? Ceritain singkat!,textarea,,True
People,People Development,c8qa63fxbkvoiwm3k81dyado,3,q4,"4. Kalau kamu diminta merancang sekolah kepanitiaan untuk staff/panitia acara HMIF (Wispril, Wisokto, Dies Natalis, dll.), kira-kira seperti apa?",textarea,,True
People,People Development,c8qa63fxbkvoiwm3k81dyado,4,q5,"5. Selama periode intensif, PepDev rutin menyusun progress report dan matriks penilaian. Seberapa siap kamu berkomitmen pada rutinitas administratif ini dan apakah kamu memiliki pengalaman serupa?",textarea,,True
People,People Development,c8qa63fxbkvoiwm3k81dyado,5,q6,6. Yakinkan kami bahwa kamu cocok untuk magang di People Development!,textarea,,True
People,People Management,tz49p5nev30ftlb0jpk1vfnu,0,q1,1. Alasan kamu ingin masuk People Management?,textarea,,True
People,People Management,tz49p5nev30ftlb0jpk1vfnu,1,q2,"2. Apakah kamu punya pengalaman dalam organisasi/kepanitiaan berhubungan dengan MSDM? Jika punya, deskripsikan pengalaman tersebut!",textarea,,True
People,People Management,tz49p5nev30ftlb0jpk1vfnu,2,q3,"3. Apakah kamu punya pengalaman menggunakan spreadsheet dalam melakukan manajerial data mahasiswa? Jika punya, deskripsikan pengalaman tersebut!",textarea,,True
Creative and Branding,Visual and Design,7jvln64q5vv1hozgvei9aom8,0,q1,1. Alasan kamu pilih VisDes apa yah,textarea,,True
Creative and Branding,Visual and Design,7jvln64q5vv1hozgvei9aom8,1,q2,2. Apakah kamu punya pengalaman bikin desain? Kalau punya ceritain plis,textarea,,True
Creative and Branding,Visual and Design,7jvln64q5vv1hozgvei9aom8,2,q3,"3. Software apa yang kamu gunakan untuk desain dan kalau belum pernah pakai, kamu bersedia belajar pake Figma kah",textarea,,True
Creative and Branding,Media and Information,7kq0cft8lcbxmoj63mq0f5e1,0,q1,1. Apa alasan kamu pilih media and information?,textarea,,True
Creative and Branding,Media and Information,7kq0cft8lcbxmoj63mq0f5e1,1,q2,2. Kamu punya pengalaman di bidang dokum atau publi kah?,textarea,,True
Creative and Branding,Media and Information,7kq0cft8lcbxmoj63mq0f5e1,2,q3,3. Gear apa aja yang kamu punya berhubungan dengan fotografi atau videografi?,textarea,,True
Creative and Branding,Media and Information,7kq0cft8lcbxmoj63mq0f5e1,3,q4,4. Kalau punya link portfolio kamu boleh yaa dimasukkin disini!,textarea,,True
Creative and Branding,Content Strategist,1ff5ej82i3lxy65i6jykcc6v,0,q1,1. Apa alasan kamu pilih content and strategist?,textarea,,True
Creative and Branding,Content Strategist,1ff5ej82i3lxy65i6jykcc6v,1,q2,"2. Apakah kamu pernah punya pengalaman untuk handle social media? kalau pernah, ceritakan!",textarea,,True
Creative and Branding,Content Strategist,1ff5ej82i3lxy65i6jykcc6v,2,q3,3. Bagaimana cara kamu membangun strategi konten supaya engagement media sosial tetap meningkat dan konsisten?,textarea,,True
Internal,Kinship,oujbs8k0104aekh25bz9mngc,0,q1,1. Kenapa nih mau join Kinship?,textarea,,True
Internal,Kinship,oujbs8k0104aekh25bz9mngc,1,q2,2. Udah tau belum Kinship itu apa? Jelasin dong yang kamu tau tentang Kinship!,textarea,,True
Internal,Kinship,oujbs8k0104aekh25bz9mngc,2,q3,3. Ceritain dikit dong pengalaman berharga kamu ketika ikut serta menyelenggarakan sebuah acara!,textarea,,True
Internal,Kinship,oujbs8k0104aekh25bz9mngc,3,q4,4. Apa nih ekspektasi kamu kalau bisa join Kinship? Dan mau berpartisipasi apa di Kinship?,textarea,,True
Internal,Welfare,6yu2gl1llifne6keue82040g,0,q1,1. Apasih alasan kamu ingin masuk Divisi Welfare?,textarea,,True
Internal,Welfare,6yu2gl1llifne6keue82040g,1,q2,"2. Kamu punya pengalaman  yang berhubungan dengan welfare/kesejahteraan mahasiswa gaa (seperti advokasi finansial, aksi sosial, atau kampanye mental health)? Jika punya, coba ceritain dong pengalaman tersebut",textarea,,True
Internal,Welfare,6yu2gl1llifne6keue82040g,2,q3,"3. Divisi Welfare berurusan dengan banyak data yang cukup sensitif. Apakah kamu punya pengalaman mengelola data rahasia atau menjadi pendengar (peer counselor) bagi temanmu? Jika punya, ceritakan bagaimana caramu menjaga privasi",textarea,,True
Internal,Welfare,6yu2gl1llifne6keue82040g,3,q4,"4. Jika ada seorang teman yang tiba-tiba menghubungimu dan cerita bahwa ia sedang burnout parah hingga ingin menyerah dengan kuliahnya, kira-kira apa langkah pertama yang akan kamu lakukan sebagai staf Welfare?",textarea,,True
Internal,Club and Hobbies,ie59hngjpzc3yw7s67h8rgdr,0,q1,1. Apa saja hobimu saat ini?,textarea,,True
Internal,Club and Hobbies,ie59hngjpzc3yw7s67h8rgdr,1,q2,2. Apakah ingin menambah teman untuk hobimu?,radio,Ya; Tidak,True
Internal,Club and Hobbies,ie59hngjpzc3yw7s67h8rgdr,2,q3,"3. Jika HMIF membuat suatu klub hobimu, apakah mau bergabung klub tersebut?",radio,Ya; Tidak,True
Internal,Club and Hobbies,ie59hngjpzc3yw7s67h8rgdr,3,q4,4. Apakah siap menjadi panitia perlombaan internal HMIF?,radio,Ya; Tidak,True
Internal,Academic,h5lawyikn3x8fufuwj7j78zf,0,q1,1. Berapa lama waktu yang dapat kamu sisihkan untuk keperluan divisi akademik?,textarea,,True
Internal,Academic,h5lawyikn3x8fufuwj7j78zf,1,q2,2. Apa matkul favoritmu di semester ini?,textarea,,True
Internal,Academic,h5lawyikn3x8fufuwj7j78zf,2,q3,3. Matkul apa yang menurutmu menarik di semester depan untuk jurusanmu?,textarea,,True
External,Intracampus,c4al0f5mxgkhi8b975jqd6bs,0,q1,1. Apa motivasi kamu memilih divisi Intracampus?,textarea,,True
External,Intracampus,c4al0f5mxgkhi8b975jqd6bs,1,q2,2. Kesibukan kamu selama periode ini ngapain aja?,textarea,,True
External,Intracampus,c4al0f5mxgkhi8b975jqd6bs,2,q3,"3. Hampir seluruh kegiatan rutin Inkam itu offline, gimana cara kamu mengatasi pembagian waktu?",textarea,,True
External,Intracampus,c4al0f5mxgkhi8b975jqd6bs,3,q4,4. Seberapa fast respon kamu?,textarea,,True
External,Extracampus,jujccdna1c9m1eu0r5tnaeby,0,q1,1. Apa yang kamu ketahui mengenai Ekstrakampus?,textarea,,True
External,Extracampus,jujccdna1c9m1eu0r5tnaeby,1,q2,2. Apa alasan kamu memilih divisi Ekstrakampus dan kenapa kami harus memilih kamu? Sertakan pengalaman yang relevan jika ada,textarea,,True
External,Extracampus,jujccdna1c9m1eu0r5tnaeby,2,q3,"3. Apakah kamu memiliki kontak perusahaan yang dapat dihubungi untuk menjadi potential partner Ekstrakampus HMIF? (Jika tidak, isi dengan -"")",textarea,,True
External,Alumni Relations,1sx4kijb5ayhhquj3bq5du6s,0,q1,1. Apa alasanmu memilih divisi Alumni Relations,textarea,,True
External,Alumni Relations,1sx4kijb5ayhhquj3bq5du6s,1,q2,2. Pernah punya pengalaman berkomunikasi dengan orang baru/alumni/kating? ceritakan singkat,textarea,,True
External,Alumni Relations,1sx4kijb5ayhhquj3bq5du6s,2,q3,3. Seberapa fast respon kamu?,textarea,,True
Tech Issues and Exploration,Technology Development,px3pkv5elfo7hooecjiesemq,0,q1,1. Alasan ingin masuk Technology Development?,textarea,,True
Tech Issues and Exploration,Technology Development,px3pkv5elfo7hooecjiesemq,1,q2,2. Seberapa bagus time management kamu? Serta berikan bukti konkretnya,textarea,,True
Tech Issues and Exploration,Technology Development,px3pkv5elfo7hooecjiesemq,2,q3,"3. Apakah kamu familiar dengan Web Development? Atau projek serupa lainnya?

Switch Cases Questions (Priority 1)",textarea,,True
Tech Issues and Exploration,Technology Development,px3pkv5elfo7hooecjiesemq,3,q4,"4. Kamu berminat masuk sub-divisi apa?
(options: UI/UX or PM or Frontend Developer or Backend Developer)

ROLE 1 (UI/UX):
- Apakah kamu mahir dengan penggunaan Figma?
- Sertakan (link) dan ceritakan project yang paling kamu banggakan. Apa peranmu dalam pengerjaan project tersebut?

ROLE 2 (PM):
- Bagaimana pengalaman kamu dalam manajemen projek dan tim? Ceritakan
- Apakah kamu familiar dengan bagaimana tim developer bekerja? Apa yang kamu pahami tentang workflow para developer, terutama teman STEI-K di lingkungan kamu?
- Apakah kamu yakin bisa memastikan untuk keep-up tim dalam mengerjakan projek Technology Development berdasarkan request warga HMIF ITB dengan time management yang tertata rapi?

ROLE 3 (Frontend Developer):
- Tech Stack apa yang kamu sudah familiar?
- Bagaimana cara kamu mengoptimalkan Coding Agent untuk mempercepat workflow tanpa menghancurkan kerjaan kamu atau tim mu sendiri?
- Apakah kamu pernah tidak sengaja merusak kerjaan temanmu dengan Coding Agentmu? Ceritakan dan apa yang kamu dapatkan dari kejadian itu?
- Seberapa mahir kamu menggunakan Git? Jelaskan
- Sertakan (link) dan ceritakan project yang paling kamu banggakan. Apa peranmu dalam pengerjaan project tersebut?

ROLE 4 (Backend Developer):
- Tech Stack apa yang kamu sudah familiar?
- Bagaimana cara kamu mengoptimalkan Coding Agent untuk mempercepat workflow tanpa menghancurkan kerjaan kamu atau tim mu sendiri?
- Apakah kamu pernah tidak sengaja merusak kerjaan temanmu dengan Coding Agentmu? Ceritakan dan apa yang kamu dapatkan dari kejadian itu?
- Seberapa mahir kamu menggunakan Git? Jelaskan
- Sertakan (link) dan ceritakan project yang paling kamu banggakan. Apa peranmu dalam pengerjaan project tersebut?

Iterasi ulang pertanyaan untuk Priority 2 role pilihan responded

LAST QUESTION",textarea,,True
Tech Issues and Exploration,Technology Development,px3pkv5elfo7hooecjiesemq,4,q5,5. Bagaimana komitmen kamu apabila terpilih menjadi anggota magang di Technology Development HMIF ITB?,textarea,,True
Tech Issues and Exploration,Competition and Community,w1qft1j1df9nmh5tdv3qvdra,0,q1,1. Kenapa kamu mau masuk CnC?,textarea,,True
Tech Issues and Exploration,Competition and Community,w1qft1j1df9nmh5tdv3qvdra,1,q2,"2. Dari 4 komunitas perlombaan yang ada, mana yang kamu paling tertarik?",checkbox,Hackathon; CP; CTF; Data Science,True
Tech Issues and Exploration,Competition and Community,w1qft1j1df9nmh5tdv3qvdra,2,q3,"3. Apa pengalaman, baik profesional / organisasional / personal, yang menunjukkan minat mu terhadap salah satu bidang kompetisi? Ceritainn donggg dengan detail!",textarea,,True
Tech Issues and Exploration,Competition and Community,w1qft1j1df9nmh5tdv3qvdra,3,q4,4. Kira-kira kesibukannya apa ya satu tahun kedepan?,textarea,,True
Tech Issues and Exploration,Competition and Community,w1qft1j1df9nmh5tdv3qvdra,4,q5,5. Apa komitmen kamu yang bisa kami pegang bahwa kamu bisa berkontribusi secara maksimal di CnC?,textarea,,True
Tech Issues and Exploration,Career Development,kbtxuq9vdkx37ihmxz5wy7rr,0,q1,1. Alasan ingin masuk ke Career Development?,textarea,,True
Tech Issues and Exploration,Career Development,kbtxuq9vdkx37ihmxz5wy7rr,1,q2,2. Bidang karir apa yang ingin dieksplorasi beberapa tahun ke depan beserta alasan?,textarea,,True
Tech Issues and Exploration,Career Development,kbtxuq9vdkx37ihmxz5wy7rr,2,q3,3. Pilih yang kamu suka:,checkbox,Menulis dan bikin konten; Ngobrol & wawancara kakak tingkat/alumni; Ngecek info lowongan & nyusun data biar rapi; Ngonsep acara,True
Tech Issues and Exploration,Career Development,kbtxuq9vdkx37ihmxz5wy7rr,3,q4,4. Kesibukan satu tahun ke depan,textarea,,True
Community Service,Tech Insight,gxb1xrz0xo59a5mn2qnb007n,0,q1,1. Seberapa sering kamu membaca berita atau konten seputar teknologi? (rate 1-5),textarea,,True
Community Service,Tech Insight,gxb1xrz0xo59a5mn2qnb007n,1,q2,"2. Topik teknologi apa yang sedang kamu minati? (AI, Cyber Security, Data Science, IoT, dll.)",textarea,,True
Community Service,Tech Insight,gxb1xrz0xo59a5mn2qnb007n,2,q3,3. Apakah ada isu atau topik yang ingin kamu bahas di kegiatan kajian?,textarea,,True
Community Service,Tech Insight,gxb1xrz0xo59a5mn2qnb007n,3,q4,4. Harapan atau ide yang ingin kamu bawa untuk Tech Insight ke depannya?,textarea,,True
Community Service,Tech Action,o5rbiqhkxtm5a1ejjwn5e65x,0,q1,1. Kasih tau dong alasan utama kamu pengen join Tech Action dan berpengmas di HMIF?,textarea,,True
Community Service,Tech Action,o5rbiqhkxtm5a1ejjwn5e65x,1,q2,"2.1 Di Tech Action, kita bakal sering banget kegiatan offline dan turun ke lapangan lho! Seberapa siap kamu berkomitmen untuk mobilitas ini? (scale 1-5)",textarea,,True
Community Service,Tech Action,o5rbiqhkxtm5a1ejjwn5e65x,2,q3,2.2 Gimana cara kamu atur waktu antara tech action dan urusan akademik biar keduanya tetep aman?,textarea,,True
Community Service,Tech Action,o5rbiqhkxtm5a1ejjwn5e65x,3,q4,"3.1 Nah, dari 4 keseruan program kerja kita, kamu paling ngincer sub-divisi yang mana nih?",checkbox,Tech For School; Desa.dev; Relasi++,True
Community Service,Tech Action,o5rbiqhkxtm5a1ejjwn5e65x,4,q5,3.2 Spill dong kenapa kamu pilih sub-divisi itu!,textarea,,True
Community Service,Tech Action,o5rbiqhkxtm5a1ejjwn5e65x,5,q6,"4. Kalo tiba-tiba program yang udah direncanain matang sama divisi tech action ternyata gak sesuai sama kondisi di lapangan saat dieksekusi (misal pesertanya gak responsif atau fasilitas kurang), apa yang bakal kamu lakuin?",textarea,,True
Community Service,Tech Action,o5rbiqhkxtm5a1ejjwn5e65x,6,q7,"5. Ceritain satu pengalaman kepanitiaan/organisasimu yang paling memorable dong, terutama pas kamu dituntut buat kerja sama bareng orang-orang baru!",textarea,,True
Badan Kesenatoran,Kesekjenan,lzqch1uruibog59dty2f46m4,0,q1,1. Kenapa mau di kesenatoran?,textarea,,True
Badan Kesenatoran,Kesekjenan,lzqch1uruibog59dty2f46m4,1,q2,2. Kasih tau dong kenapa kamu mau masuk kesekjenan?,textarea,,True
Badan Kesenatoran,Kajian,aaa67y0hkdqw0fkkrsjjuzd0,0,q1,1. Kenapa Kajian?,textarea,,True
Badan Kesenatoran,Kajian,aaa67y0hkdqw0fkkrsjjuzd0,1,q2,"2. Sebutkan isu yang ingin kamu bawakan dalam kajian, dan mengapa? Berikan 1 topik nasional dan 1 topik internasional yang kamu suka",textarea,,True
Badan Kesenatoran,Aspirasi,a92s8mvb1i47owba6569kafl,0,q1,1. Kenapa aspirasi?,textarea,,True
Badan Kesenatoran,Aspirasi,a92s8mvb1i47owba6569kafl,1,q2,2. Seberapa penting menurut kamu bidang aspirasi di badan kesenatoran hmif itb? dan kenapa,textarea,,True
Badan Kesenatoran,Aspirasi,a92s8mvb1i47owba6569kafl,2,q3,"3. Coba sebutkan satu isu terkini (bebas memilih isu informatika, kampus, atau nasional) yang menurutmu penting untuk dikawal, dan berikan pandangan singkatmu mengenai isu tersebut!",textarea,,True
Badan Kesenatoran,Kinship,36kmp466merbfiqb4enludwt,0,q1,1. Apa yang membuatmu tertarik bergabung dengan Kinship Badan Kesenatoran?,textarea,,True
Badan Kesenatoran,Kinship,36kmp466merbfiqb4enludwt,1,q2,"2. Jika menjadi bagian dari Kinship, bagaimana cara kamu menjaga kedekatan antaranggota yang memiliki kesibukan dan karakter yang berbeda-beda?",textarea,,True
Badan Kesenatoran,Kinship,36kmp466merbfiqb4enludwt,2,q3,"3. Misalnya setelah beberapa bulan kepengurusan, kamu melihat masih ada beberapa anggota yang jarang ikut kegiatan informal dan cenderung menyendiri. Sebagai anggota Kinship, apa yang akan kamu lakukan?",textarea,,True
Badan Kesenatoran,Kinship,36kmp466merbfiqb4enludwt,3,q4,"4. Spill donggg ide kegiatan refreshing sebanyak mungkin yang menurutmu seru untuk Badsen Geser dan banyak orang tertarik untuk mengikutinya! Bebas yahh, bisa indoor ataupun outdoor",textarea,,True
Badan Kesenatoran,Kinship,36kmp466merbfiqb4enludwt,4,q5,5. SEBERAPA SIAP KAMU BERSENANG-SENANG DI KINSHIP KESENATORAN???,radio,1; 2; 3; 4; 5,True
Badan Kesenatoran,Kreatif,rgj0rv17s59y2vr44ky90sa3,0,q1,1. Apa alasan kamu ingin bergabung dengan Divisi Kreatif Badan Kesenatoran?,textarea,,True
Badan Kesenatoran,Kreatif,rgj0rv17s59y2vr44ky90sa3,1,q2,"2. Ceritakan pengalamanmu membuat desain, ilustrasi, konten media sosial, atau karya kreatif lainnya (boleh organisasi, kepanitiaan, maupun pribadi).",textarea,,True
Badan Kesenatoran,Kreatif,rgj0rv17s59y2vr44ky90sa3,2,q3,"3. Software atau tools apa yang biasa kamu gunakan untuk mendesain? (Figma, Canva, Illustrator, Photoshop, dll.)",textarea,,True
Badan Kesenatoran,Kreatif,rgj0rv17s59y2vr44ky90sa3,3,q4,"4. Menurutmu, bagaimana cara menyampaikan informasi yang cukup kompleks agar tetap menarik dan mudah dipahami oleh mahasiswa?",textarea,,True
Badan Kesenatoran,Kreatif,rgj0rv17s59y2vr44ky90sa3,4,q5,"5. Jika memiliki portofolio, silakan lampirkan link-nya di sini.",textarea,,True
Dewan Perwakilan dan Pengawasan (DPP),Kesekjenan,wtfarg8ahvkqubbnlom6nhgr,0,q1,1. [PENTING!] Siapa waifu/husbando/oshi kamu?,textarea,,True
Dewan Perwakilan dan Pengawasan (DPP),Kesekjenan,wtfarg8ahvkqubbnlom6nhgr,1,q2,2. Seberapa terbiasa kamu dengan Google Docs dan Spreadsheet?,radio,1; 2; 3; 4,True
Dewan Perwakilan dan Pengawasan (DPP),Kesekjenan,wtfarg8ahvkqubbnlom6nhgr,2,q3,"3. Sebutkan favorit kamu untuk tiap hal berikut: makanan, minuman, game, anime/film, manga/manhwa/komik, VTuber (kalo ada), lagu",textarea,,True
Dewan Perwakilan dan Pengawasan (DPP),Kesekjenan,wtfarg8ahvkqubbnlom6nhgr,3,q4,4. Kenapa pengen join Kesekjenan?,textarea,,True
Dewan Perwakilan dan Pengawasan (DPP),Kesekjenan,wtfarg8ahvkqubbnlom6nhgr,4,q5,5. Apakah kamu bersedia menjadi notulen rapat dan menjadi anggota PPZI?,radio,Ya; Tidak,True
Dewan Perwakilan dan Pengawasan (DPP),Perbaikan Sistem,3i3qmdjq51h148tvqcdzya4o,0,q1,1. Sebutkan satu hal unik mengenai dirimu,textarea,,True
Dewan Perwakilan dan Pengawasan (DPP),Perbaikan Sistem,3i3qmdjq51h148tvqcdzya4o,1,q2,2. Sebutkan lagu yang mau kamu rekomenkan ke semua orang,textarea,,True
Dewan Perwakilan dan Pengawasan (DPP),Perbaikan Sistem,3i3qmdjq51h148tvqcdzya4o,2,q3,3. Kenapa mau join perbaikan sistem?,textarea,,True
Dewan Perwakilan dan Pengawasan (DPP),Perbaikan Sistem,3i3qmdjq51h148tvqcdzya4o,3,q4,4. Tuliskan komitmenmu bila masuk ke perbaikan sistem?,textarea,,True
Dewan Perwakilan dan Pengawasan (DPP),Pengawasan,qmhq52bp4tevl55rjuuz3oix,0,q1,"1. Sebutin 1 game yang paling kamu suka, dan kenapa?",textarea,,True
Dewan Perwakilan dan Pengawasan (DPP),Pengawasan,qmhq52bp4tevl55rjuuz3oix,1,q2,2. Kirimin meme favorit kamu (upload file),file,,True
Dewan Perwakilan dan Pengawasan (DPP),Pengawasan,qmhq52bp4tevl55rjuuz3oix,2,q3,3. Kenapa mau apply ke pengawasan?,textarea,,True
Dewan Perwakilan dan Pengawasan (DPP),Pengawasan,qmhq52bp4tevl55rjuuz3oix,3,q4,4. Tuliskan komitmenmu kalo keterima di pengawasan,textarea,,True
Dewan Perwakilan dan Pengawasan (DPP),Regenerasi,936hhcsesd9g82k7trd1b6pr,0,q1,"1. Sebutkan lagu yang kamu harap semua orang dengar, boleh lebih dari 1",textarea,,True
Dewan Perwakilan dan Pengawasan (DPP),Regenerasi,936hhcsesd9g82k7trd1b6pr,1,q2,"2. Sebutkan film yang kamu harap semua orang nonton, boleh lebih dari 1",textarea,,True
Dewan Perwakilan dan Pengawasan (DPP),Regenerasi,936hhcsesd9g82k7trd1b6pr,2,q3,3. Kenapa mau join ke Regenerasi?,textarea,,True
Dewan Perwakilan dan Pengawasan (DPP),Regenerasi,936hhcsesd9g82k7trd1b6pr,3,q4,"4. Kerjaan Regen padatnya di akhir semester ganjil dan awal semester genap, kamu yakin bisa bung?",textarea,,True
Dewan Perwakilan dan Pengawasan (DPP),Publikasi dan Dokumentasi,wp46lcx594kyzbt5wh8pdm9z,0,q1,1. apkh km punya PASSION utk desain? fyi kita pake figma & canva,radio,Ya; Tidak,True
Dewan Perwakilan dan Pengawasan (DPP),Publikasi dan Dokumentasi,wp46lcx594kyzbt5wh8pdm9z,1,q2,2. apkh km punya PASSION utk videografi/fotografi? fyi kita chill aja modal hp aman bgt,radio,Ya; Tidak,True
Dewan Perwakilan dan Pengawasan (DPP),Publikasi dan Dokumentasi,wp46lcx594kyzbt5wh8pdm9z,2,q3,3. apkh km bs menyisihkan waktu km utk support ketua & wakil ketua dlm acara dpp (kerjaannya dibagi adil & nyantai)?,radio,Ya; Tidak,True
Dewan Perwakilan dan Pengawasan (DPP),Publikasi dan Dokumentasi,wp46lcx594kyzbt5wh8pdm9z,3,q4,"4. kl blh tau, kesibukan km 6 bulan kedepan aph?",textarea,,True
Dewan Perwakilan dan Pengawasan (DPP),Publikasi dan Dokumentasi,wp46lcx594kyzbt5wh8pdm9z,4,q5,"5. LAST BGT yg udh nonton obsession, pgn wish apa kl ada one wish willow? dah itu aja see u di pubdok",textarea,,True
